{
    "rouge1": 0.5686750708707443,
    "rouge2": 0.4756674775064236,
    "rougeL": 0.5353698663704711,
    "rougeLsum": 0.535203265280706,
    "bleu": 0.1987708862830838,
    "meteor": 0.3086090630244427,
    "bertscore": 0.7710839534025896
}