{
    "rouge1": 0.5690990910055274,
    "rouge2": 0.4752808366762112,
    "rougeL": 0.5301873289967584,
    "rougeLsum": 0.530096422610272,
    "bleu": 0.20037898308333082,
    "meteor": 0.3095146176260515,
    "bertscore": 0.7710646252283889
}