{"rouge1": 0.17575757575757578, "rouge2": 0.07636363636363636, "rougeL": 0.17532467532467533, "rougeLsum": 0.17575757575757575, "bleu": 0.025092658932815932, "meteor": 0.1351829454184245, "bertscore": 0.6915619590065696}