{"rouge1": 0.07272727272727272, "rouge2": 0.05454545454545454, "rougeL": 0.07727272727272727, "rougeLsum": 0.07272727272727272, "bleu": 0.007077642425822881, "meteor": 0.12866523020358725, "bertscore": 0.6735652403397994}