{"rouge1": 0.30606060606060603, "rouge2": 0.1, "rougeL": 0.3099567099567099, "rougeLsum": 0.3103896103896103, "bleu": 0.04701166836481981, "meteor": 0.30497269952528594, "bertscore": 0.7442745078693737}