{"rouge1": 0.2969696969696969, "rouge2": 0.09617604617604618, "rougeL": 0.2937799043062201, "rougeLsum": 0.29585326953748003, "bleu": 0.0792826795410502, "meteor": 0.3191034982774661, "bertscore": 0.7594927083362233}