{"rouge1": 0.3028883237974147, "rouge2": 0.053076216712580344, "rougeL": 0.29801511619693444, "rougeLsum": 0.29615031433213246, "bleu": 0.1224587029087121, "meteor": 0.34353822270330925, "bertscore": 0.7570874430916527}