{"rouge1": 0.30606060606060603, "rouge2": 0.1, "rougeL": 0.3099567099567099, "rougeLsum": 0.3103896103896103, "bleu": 0.057221631800070206, "meteor": 0.31065635790851975, "bertscore": 0.7492076321081682}