{"rouge1": 0.2452239662756268, "rouge2": 0.06700461867748113, "rougeL": 0.24108038728096715, "rougeLsum": 0.23652063774098564, "bleu": 0.12183738341301933, "meteor": 0.5533418884164514, "bertscore": 0.8137760693376714}