{"rouge1": 0.32606060606060605, "rouge2": 0.08787878787878789, "rougeL": 0.33030303030303027, "rougeLsum": 0.32779220779220775, "bleu": 0.26305508598218086, "meteor": 0.47417791720898667, "bertscore": 0.7938736785541881}