{
    "rouge1": 0.5062821628838106,
    "rouge2": 0.4167405867384313,
    "rougeL": 0.47431882090454747,
    "rougeLsum": 0.4743269751768211,
    "bleu": 0.14805528936922602,
    "meteor": 0.27816391509292565,
    "bertscore": 0.7235902055356515
}