{
    "rouge1": 0.24243071716684705,
    "rouge2": 0.1554992211572122,
    "rougeL": 0.23146963641889196,
    "rougeLsum": 0.2305844023748747,
    "bleu": 0.08253413142782565,
    "meteor": 0.1852578870836877,
    "bertscore": 0.7076299494619737
}